mean_fit_time,std_fit_time,mean_score_time,std_score_time,param_criterion,param_max_depth,param_max_features,param_splitter,params,split0_test_score,split1_test_score,split2_test_score,split3_test_score,split4_test_score,mean_test_score,std_test_score,rank_test_score
0.005591011047363282,0.0019477717125650077,0.0017570018768310546,0.000740183779685608,mse,2,sqrt,best,"{'criterion': 'mse', 'max_depth': 2, 'max_features': 'sqrt', 'splitter': 'best'}",-14.657269654742896,-9.10460198718174,-7.620205637005156,-7.323613009035418,-11.791563989892808,-10.099450855571604,2.7741166500493595,173
0.0014708995819091796,0.0011384311904357274,0.0012038707733154296,0.00041815031739464176,mse,2,sqrt,random,"{'criterion': 'mse', 'max_depth': 2, 'max_features': 'sqrt', 'splitter': 'random'}",-16.648431263899663,-8.107428365934547,-6.503999830769584,-6.824463418693215,-12.658322511198978,-10.148529078099198,3.925452574205593,174
0.003582000732421875,0.001020883778592954,0.002002859115600586,0.0008780700833688588,mse,2,log2,best,"{'criterion': 'mse', 'max_depth': 2, 'max_features': 'log2', 'splitter': 'best'}",-15.820955919275805,-9.08693837371082,-7.331011756576795,-7.321718379792363,-11.479745935643999,-10.208074072999956,3.193339128968553,176
0.002178955078125,0.0011692789615808372,0.0018414974212646485,0.0007634226103597887,mse,2,log2,random,"{'criterion': 'mse', 'max_depth': 2, 'max_features': 'log2', 'splitter': 'random'}",-16.413843882398304,-8.076612200942849,-7.838769560239625,-7.207140070309458,-12.890240019093753,-10.485321146596798,3.5912004083665074,179
0.003978300094604492,0.00048223198381041417,0.0013193607330322266,0.0005327077478408027,mse,2,2,best,"{'criterion': 'mse', 'max_depth': 2, 'max_features': 2, 'splitter': 'best'}",-13.420472965102817,-9.90075405570248,-7.240721139961129,-7.761056041802362,-10.03192590150675,-9.670986020815107,2.181547304486314,164
0.0025316715240478516,0.000892365402950839,0.0019099712371826172,0.0005109282225168934,mse,2,2,random,"{'criterion': 'mse', 'max_depth': 2, 'max_features': 2, 'splitter': 'random'}",-14.638274622183687,-9.036524336037127,-7.404597915368718,-6.91400534256719,-10.340144080380451,-9.666709259307435,2.7662840142948104,163
0.0075832843780517575,0.0019609912483881586,0.0032570362091064453,0.0011933888162492952,mse,5,sqrt,best,"{'criterion': 'mse', 'max_depth': 5, 'max_features': 'sqrt', 'splitter': 'best'}",-10.920597785680084,-8.264771795616296,-6.519905612753484,-5.82413108706231,-9.366978538062227,-8.17927696383488,1.856502605741993,33
0.0035900115966796876,0.0008841613621466203,0.0019402027130126954,0.00013415442063821582,mse,5,sqrt,random,"{'criterion': 'mse', 'max_depth': 5, 'max_features': 'sqrt', 'splitter': 'random'}",-10.063637423714805,-8.559787725557355,-7.898147766534652,-8.162245076120685,-10.61811238777827,-9.060386075941153,1.0808402639813979,143
0.005343866348266601,0.0017384431281963636,0.0017165184020996095,0.0006465990563985535,mse,5,log2,best,"{'criterion': 'mse', 'max_depth': 5, 'max_features': 'log2', 'splitter': 'best'}",-13.426083976856743,-7.982287777092376,-6.5563499558440945,-7.139525827696828,-9.568403163214018,-8.934530140140811,2.464158999178247,131
0.0029238224029541015,0.0005549505662323639,0.001737833023071289,0.0003951126614349307,mse,5,log2,random,"{'criterion': 'mse', 'max_depth': 5, 'max_features': 'log2', 'splitter': 'random'}",-13.867105847096088,-10.010987396314013,-6.398331171092067,-6.887367133824818,-8.38439058879675,-9.109636427424746,2.693012713708094,145
0.003293895721435547,0.0003489549774017096,0.0009981155395507812,0.0005334827743876925,mse,5,2,best,"{'criterion': 'mse', 'max_depth': 5, 'max_features': 2, 'splitter': 'best'}",-12.292898285502915,-8.145410899293656,-6.843407672147292,-6.985340445640314,-9.562347017695902,-8.765880864056015,2.016205374334457,118
0.0019797325134277345,0.00022382670176099425,0.0004129886627197266,0.0005065785741660263,mse,5,2,random,"{'criterion': 'mse', 'max_depth': 5, 'max_features': 2, 'splitter': 'random'}",-11.64154919474926,-7.865297475183994,-6.931869589325919,-6.578857010226851,-9.591276882471686,-8.521770030391542,1.8767268087376912,87
0.008291196823120118,0.0024962374150643827,0.0018405914306640625,0.00035398590236337583,mse,10,sqrt,best,"{'criterion': 'mse', 'max_depth': 10, 'max_features': 'sqrt', 'splitter': 'best'}",-12.739385029601626,-6.896210384174689,-6.810578487819278,-6.364470938075468,-7.250757513401343,-8.012280470614481,2.3803533802688115,16
0.004073572158813476,0.000670904516728688,0.0018761157989501953,0.00032934714831354343,mse,10,sqrt,random,"{'criterion': 'mse', 'max_depth': 10, 'max_features': 'sqrt', 'splitter': 'random'}",-10.990474325597189,-8.148591130544817,-7.131427359546094,-7.263114909868784,-6.6535589928620515,-8.037433343683787,1.5535978368639178,19
0.011014270782470702,0.004053187056645138,0.002832794189453125,0.001098575054494889,mse,10,log2,best,"{'criterion': 'mse', 'max_depth': 10, 'max_features': 'log2', 'splitter': 'best'}",-10.007139304936489,-7.068770095472659,-6.393791047321507,-7.494851575239654,-7.283526093550209,-7.649615623304103,1.2353435357559368,3
0.004011631011962891,0.0023177980052004874,0.0013948440551757812,0.000489031659299025,mse,10,log2,random,"{'criterion': 'mse', 'max_depth': 10, 'max_features': 'log2', 'splitter': 'random'}",-12.787877070943331,-8.131626440850454,-6.4688208459134655,-7.141420784646361,-6.455023460421031,-8.196953720554928,2.375531894333963,34
0.005793476104736328,0.0013220174176450995,0.0009996891021728516,3.26555131306914e-06,mse,10,2,best,"{'criterion': 'mse', 'max_depth': 10, 'max_features': 2, 'splitter': 'best'}",-12.653105901797655,-6.769132560753105,-6.986044674340161,-6.0489954976629905,-7.12186535026211,-7.915828796963204,2.3973589494642886,12
0.003493976593017578,0.0010987816629470717,0.0015281200408935546,0.0005874055440722183,mse,10,2,random,"{'criterion': 'mse', 'max_depth': 10, 'max_features': 2, 'splitter': 'random'}",-12.952164753379352,-8.560496378063737,-7.892982173071244,-6.973757887927289,-10.517419480793698,-9.379364134647066,2.131989276935217,159
0.011206960678100586,0.003499707052456327,0.0016545772552490235,0.0007126682750783175,mse,20,sqrt,best,"{'criterion': 'mse', 'max_depth': 20, 'max_features': 'sqrt', 'splitter': 'best'}",-12.678454128156682,-8.094315208686185,-6.459214141893416,-6.382381318837944,-7.867812972899865,-8.296435554094817,2.3006800241458,49
0.006892776489257813,0.0013366221658621521,0.001931905746459961,0.0010868182303937523,mse,20,sqrt,random,"{'criterion': 'mse', 'max_depth': 20, 'max_features': 'sqrt', 'splitter': 'random'}",-10.850559543501486,-9.169994319852705,-8.0800503855507,-6.470439763438568,-9.266943316958383,-8.76759746586037,1.4491138686411698,119
0.009031391143798828,0.0014824064671069826,0.0013794898986816406,0.0004681928297398466,mse,20,log2,best,"{'criterion': 'mse', 'max_depth': 20, 'max_features': 'log2', 'splitter': 'best'}",-12.176731621904128,-7.321859449903589,-8.216906070049284,-6.832243160226756,-8.781870259524018,-8.665922112321555,1.8820056180306433,108
0.004296875,0.000685474927813416,0.002092409133911133,0.0005690866078975232,mse,20,log2,random,"{'criterion': 'mse', 'max_depth': 20, 'max_features': 'log2', 'splitter': 'random'}",-12.151990753726185,-8.327229113109876,-6.863841110661393,-8.606693059862245,-9.803698833321588,-9.150690574136258,1.7684979556956277,147
0.009271717071533203,0.001176865189325756,0.002322530746459961,0.000978474770360693,mse,20,2,best,"{'criterion': 'mse', 'max_depth': 20, 'max_features': 2, 'splitter': 'best'}",-12.428653990948291,-6.76779575403303,-7.362428398657619,-6.013904574957295,-8.664993549471616,-8.247555253613571,2.2635447626417977,40
0.007616424560546875,0.0008991406965816138,0.003577709197998047,0.0009335826051703163,mse,20,2,random,"{'criterion': 'mse', 'max_depth': 20, 'max_features': 2, 'splitter': 'random'}",-10.298491663012598,-6.615998354489173,-6.863185192088543,-6.717448254591568,-9.844545655207423,-8.06793382387786,1.6440854612132128,22
0.011086463928222656,0.0017732851719440429,0.0020198822021484375,0.0010767026217790466,mse,30,sqrt,best,"{'criterion': 'mse', 'max_depth': 30, 'max_features': 'sqrt', 'splitter': 'best'}",-11.401012012188117,-7.620141756649892,-7.065192877672738,-6.733122788767518,-7.308052475885707,-8.025504382232794,1.7126328401000244,17
0.006343030929565429,0.0011071036341051786,0.0017405509948730468,0.000433218081420246,mse,30,sqrt,random,"{'criterion': 'mse', 'max_depth': 30, 'max_features': 'sqrt', 'splitter': 'random'}",-10.497053335803779,-7.4582461927699,-7.24584627632698,-6.776215919560009,-9.4190255937262,-8.279277463637374,1.4296028813021255,44
0.01338052749633789,0.0034011494013905853,0.0024811744689941405,0.0005011966708662666,mse,30,log2,best,"{'criterion': 'mse', 'max_depth': 30, 'max_features': 'log2', 'splitter': 'best'}",-11.015942088488101,-7.750689133134006,-8.968920888828926,-6.973565810807192,-7.880659558029555,-8.517955495857557,1.4016625903297015,86
0.007942104339599609,0.0012393959873304595,0.0023456096649169924,0.0005640582790308771,mse,30,log2,random,"{'criterion': 'mse', 'max_depth': 30, 'max_features': 'log2', 'splitter': 'random'}",-12.001823366338165,-7.355865854333202,-6.982145221419211,-6.634353991688769,-10.055276826859577,-8.605893052127785,2.0841855630064483,99
0.01397862434387207,0.0025651391552519655,0.0022990226745605467,0.0005366614294808082,mse,30,2,best,"{'criterion': 'mse', 'max_depth': 30, 'max_features': 2, 'splitter': 'best'}",-12.20357526220509,-7.035923978121037,-7.265851131194484,-6.589771972352672,-8.632146465775657,-8.345453761929788,2.04597765669865,54
0.007831096649169922,0.001854557622968589,0.002578115463256836,0.001014291107454288,mse,30,2,random,"{'criterion': 'mse', 'max_depth': 30, 'max_features': 2, 'splitter': 'random'}",-10.242693465342997,-7.7015476797599405,-7.712934652540278,-5.434353095356338,-8.809393950819688,-7.980184568763848,1.5771400464775955,13
0.011790132522583008,0.002829741419213207,0.0017006397247314453,0.0005710156924451001,mse,50,sqrt,best,"{'criterion': 'mse', 'max_depth': 50, 'max_features': 'sqrt', 'splitter': 'best'}",-14.068804306846193,-8.407464794402694,-7.253880799506552,-5.918567244624408,-9.088876710837207,-8.947518771243411,2.7778467499874244,132
0.0067919731140136715,0.0010880541138773901,0.0021355152130126953,0.0006751784829916529,mse,50,sqrt,random,"{'criterion': 'mse', 'max_depth': 50, 'max_features': 'sqrt', 'splitter': 'random'}",-11.560202873451209,-7.760796291970185,-7.197994208062866,-6.964952232645174,-9.89321423513944,-8.675431968253774,1.7748249776533545,111
0.012458133697509765,0.0023831465287122203,0.0032707691192626954,0.001127626893079073,mse,50,log2,best,"{'criterion': 'mse', 'max_depth': 50, 'max_features': 'log2', 'splitter': 'best'}",-11.818145346759254,-9.212230075810627,-6.506704020132375,-6.2317736049612895,-8.705244926342528,-8.494819594801216,2.0335895044189853,76
0.010266971588134766,0.0014617416633491182,0.003423929214477539,0.0011991230710722682,mse,50,log2,random,"{'criterion': 'mse', 'max_depth': 50, 'max_features': 'log2', 'splitter': 'random'}",-11.627736560582546,-7.974717838538058,-7.645751259481728,-6.521718050830125,-9.453784236319542,-8.6447415891504,1.7610764579623461,105
0.01421494483947754,0.0026905066270988378,0.0024609088897705076,0.0010289523889872108,mse,50,2,best,"{'criterion': 'mse', 'max_depth': 50, 'max_features': 2, 'splitter': 'best'}",-12.625469493161189,-7.833621555506231,-7.922675319617304,-6.599050862711358,-10.06480219316758,-9.009123884832732,2.124290019400985,138
0.0049227714538574215,0.0005618565294801631,0.0012366771697998047,0.0004913808881860124,mse,50,2,random,"{'criterion': 'mse', 'max_depth': 50, 'max_features': 2, 'splitter': 'random'}",-12.108021730821399,-7.723386235415385,-8.046286667919356,-6.333257598626785,-9.451109219711375,-8.73241229049886,1.9573507378588728,114
0.010369110107421874,0.0015966479189449927,0.0020627975463867188,0.0009645662358462854,mse,100,sqrt,best,"{'criterion': 'mse', 'max_depth': 100, 'max_features': 'sqrt', 'splitter': 'best'}",-12.508226617565004,-7.1734258317240265,-7.85256725282319,-5.997992250603314,-6.770651134123386,-8.060572617367784,2.3034781075028867,21
0.00484933853149414,0.0007019252326942492,0.0009224891662597656,0.0005165116605563246,mse,100,sqrt,random,"{'criterion': 'mse', 'max_depth': 100, 'max_features': 'sqrt', 'splitter': 'random'}",-11.947348261142398,-7.511447224587439,-7.096592797425612,-6.051031631935999,-9.512205303424022,-8.423725043703095,2.0892062942123433,65
0.010625934600830078,0.003544778167551454,0.0017339706420898438,0.0006430817340557076,mse,100,log2,best,"{'criterion': 'mse', 'max_depth': 100, 'max_features': 'log2', 'splitter': 'best'}",-12.569091089472474,-8.23344313044175,-7.022236940185727,-6.043581987261957,-9.104567638844552,-8.594584157241291,2.2435284348241002,97
0.007677125930786133,0.001452047790627463,0.002438068389892578,0.000844637246311904,mse,100,log2,random,"{'criterion': 'mse', 'max_depth': 100, 'max_features': 'log2', 'splitter': 'random'}",-11.038651832446883,-7.237482157858985,-6.4511416143642135,-6.681880816168734,-7.051992551326843,-7.692229794433132,1.6956617897163875,4
0.012075281143188477,0.0028561535190096453,0.0020298004150390626,0.0008858472077508705,mse,100,2,best,"{'criterion': 'mse', 'max_depth': 100, 'max_features': 2, 'splitter': 'best'}",-12.168865425109267,-7.917299323180453,-6.83289554776525,-8.131798998231774,-9.311752563096201,-8.872522371476588,1.8264720340663723,126
0.009177160263061524,0.0005055136547193835,0.0023732662200927736,0.0003895000012518057,mse,100,2,random,"{'criterion': 'mse', 'max_depth': 100, 'max_features': 2, 'splitter': 'random'}",-12.322084175518315,-7.4208888515848885,-9.19038483162411,-5.924342340490686,-9.626348641501894,-8.896809768143978,2.1617041061092386,128
0.013079023361206055,0.002635429212584591,0.0020348072052001954,0.000922358400187797,mse,120,sqrt,best,"{'criterion': 'mse', 'max_depth': 120, 'max_features': 'sqrt', 'splitter': 'best'}",-12.336525055902737,-8.425345253023677,-6.165184099996621,-5.654446347374837,-9.959013986106454,-8.508102948480865,2.4658236853220634,81
0.006361579895019532,0.0011201548283829453,0.001748371124267578,0.00033857900906035255,mse,120,sqrt,random,"{'criterion': 'mse', 'max_depth': 120, 'max_features': 'sqrt', 'splitter': 'random'}",-11.055760214611656,-7.330726743908992,-7.332831171401565,-6.581766404064874,-10.243803044206116,-8.508977515638641,1.7878176362859182,82
0.011005973815917969,0.0026626414529698737,0.001807260513305664,0.000732714211589959,mse,120,log2,best,"{'criterion': 'mse', 'max_depth': 120, 'max_features': 'log2', 'splitter': 'best'}",-12.801144756839173,-7.290962554912671,-7.464112769168964,-6.254224266696395,-9.528093007027488,-8.667707470928939,2.3235548202818226,109
0.006649398803710937,0.0018713338682305794,0.001526784896850586,0.00040522875781010876,mse,120,log2,random,"{'criterion': 'mse', 'max_depth': 120, 'max_features': 'log2', 'splitter': 'random'}",-12.42755515384552,-8.266343714881522,-7.163249594180014,-5.599974319711367,-8.568864479950417,-8.405197452513766,2.2643824783554902,63
0.007765054702758789,0.000486375888184622,0.0015799522399902344,0.0004776654535813352,mse,120,2,best,"{'criterion': 'mse', 'max_depth': 120, 'max_features': 2, 'splitter': 'best'}",-10.015607859006947,-7.804104012585383,-7.143166520482879,-5.454092713192381,-8.84462168230443,-7.852318557514404,1.5440980893559126,9
0.004483938217163086,0.0004593214213285643,0.0014928340911865234,0.00039096688442354603,mse,120,2,random,"{'criterion': 'mse', 'max_depth': 120, 'max_features': 2, 'splitter': 'random'}",-13.82490306992964,-7.72543771283906,-7.18268533083359,-5.963246861881649,-8.357234480263715,-8.61070149114953,2.7233832545238403,100
0.01089463233947754,0.0030219084722860265,0.0013117313385009766,0.0004343670719447362,mse,150,sqrt,best,"{'criterion': 'mse', 'max_depth': 150, 'max_features': 'sqrt', 'splitter': 'best'}",-13.901857571073263,-6.977157543116294,-7.733653667399719,-6.8035194450226655,-6.842619334430259,-8.451761512208439,2.745895965022621,69
0.006462764739990234,0.0025220104839992967,0.002499818801879883,0.00179479159518191,mse,150,sqrt,random,"{'criterion': 'mse', 'max_depth': 150, 'max_features': 'sqrt', 'splitter': 'random'}",-10.715275036826858,-8.73633825953562,-7.53886782198012,-6.422123588080216,-11.174100908670352,-8.917341123018634,1.8157418491341644,130
0.011977529525756836,0.003452387871229486,0.0015377521514892579,0.00099808231393589,mse,150,log2,best,"{'criterion': 'mse', 'max_depth': 150, 'max_features': 'log2', 'splitter': 'best'}",-13.039823235020775,-6.743041345827597,-7.331480549478094,-6.662840604607279,-8.74584978489758,-8.504607103966265,2.3873762609916755,78
0.004941129684448242,0.0008112325285352377,0.0013003349304199219,0.0004386095822962476,mse,150,log2,random,"{'criterion': 'mse', 'max_depth': 150, 'max_features': 'log2', 'splitter': 'random'}",-9.371964665250994,-8.19808704789694,-6.280012695855024,-6.4350693790379285,-9.711898246758889,-7.999406406959954,1.4324443124658706,15
0.008468103408813477,0.0006991217459886534,0.0012040138244628906,0.00038983451429609576,mse,150,2,best,"{'criterion': 'mse', 'max_depth': 150, 'max_features': 2, 'splitter': 'best'}",-12.730906982113533,-8.124379600201223,-7.400884646846421,-6.22291903974602,-6.844854804827523,-8.264789014746942,2.3193835997658994,42
0.0073033332824707035,0.0011870639737286655,0.001999568939208984,1.985349745832861e-05,mse,150,2,random,"{'criterion': 'mse', 'max_depth': 150, 'max_features': 2, 'splitter': 'random'}",-11.190359098024203,-9.561533938549193,-7.57277298618245,-7.89199699374447,-9.866713118018493,-9.216675226903762,1.3337234955160817,154
0.011914300918579101,0.0029248755426582915,0.0015676021575927734,0.0006899580262123451,mse,200,sqrt,best,"{'criterion': 'mse', 'max_depth': 200, 'max_features': 'sqrt', 'splitter': 'best'}",-12.359045673804738,-7.444742779447771,-6.002535031190768,-5.7332913603970965,-9.214680506313933,-8.150859070230862,2.4412734612421514,30
0.0045296669006347655,0.00032720777738280015,0.0012572288513183593,0.0004160028429740856,mse,200,sqrt,random,"{'criterion': 'mse', 'max_depth': 200, 'max_features': 'sqrt', 'splitter': 'random'}",-12.54099258634521,-6.807886094506852,-6.978475669337099,-5.716278468655638,-11.0312814039509,-8.61498284455914,2.668268827468578,101
0.013050174713134766,0.00226796830797187,0.0019334316253662109,0.00082838422738412,mse,200,log2,best,"{'criterion': 'mse', 'max_depth': 200, 'max_features': 'log2', 'splitter': 'best'}",-11.649187149657156,-6.796693048596807,-7.434984853088448,-6.379674787834534,-10.836670704780994,-8.619442108791587,2.18345453071863,102
0.008305740356445313,0.0011596413169326733,0.0023018836975097655,0.0003018751467970724,mse,200,log2,random,"{'criterion': 'mse', 'max_depth': 200, 'max_features': 'log2', 'splitter': 'random'}",-11.35547011453194,-7.2649231224336885,-7.8115132968782035,-6.981226634944878,-9.960849954797643,-8.67479662471727,1.6994778158969832,110
0.013286018371582031,0.002328717052178844,0.0015244483947753906,0.0005138544876664578,mse,200,2,best,"{'criterion': 'mse', 'max_depth': 200, 'max_features': 2, 'splitter': 'best'}",-11.47002622432435,-7.607590986523151,-6.9819861500966915,-6.529970326093304,-10.062527615306005,-8.530420260468699,1.9099580190380738,88
0.005993032455444336,0.0020465411239713144,0.0016347408294677735,0.00075252629259386,mse,200,2,random,"{'criterion': 'mse', 'max_depth': 200, 'max_features': 2, 'splitter': 'random'}",-11.720801081683119,-6.78719382960212,-6.875649608664878,-5.888997353896797,-9.38232930856456,-8.130994236482294,2.1382606173298093,28
0.003809356689453125,0.0008746271056633972,0.0014984607696533203,0.0008401043528603928,friedman_mse,2,sqrt,best,"{'criterion': 'friedman_mse', 'max_depth': 2, 'max_features': 'sqrt', 'splitter': 'best'}",-14.296692177481283,-8.839930618918327,-7.337039901404387,-6.8192031492512895,-11.565633934590647,-9.771699956329186,2.800241232352622,166
0.0016857147216796874,0.0006416095418974574,0.0008160591125488282,0.0005404132782200738,friedman_mse,2,sqrt,random,"{'criterion': 'friedman_mse', 'max_depth': 2, 'max_features': 'sqrt', 'splitter': 'random'}",-15.315984309687932,-8.237768702092442,-7.2281345187346515,-7.124052325225155,-11.024632658043613,-9.786114502756758,3.102921160993976,167
0.005175399780273438,0.0006698804079393222,0.00206451416015625,0.0006529293684927163,friedman_mse,2,log2,best,"{'criterion': 'friedman_mse', 'max_depth': 2, 'max_features': 'log2', 'splitter': 'best'}",-14.242106722230012,-9.086938373710792,-6.725382092186183,-6.819203149251285,-14.528033643412073,-10.280332796158069,3.457741989129942,177
0.0017706394195556641,0.0007479253771088094,0.0009910106658935548,0.000548644917900315,friedman_mse,2,log2,random,"{'criterion': 'friedman_mse', 'max_depth': 2, 'max_features': 'log2', 'splitter': 'random'}",-13.907190274418296,-8.211987463468336,-6.583274772947903,-7.014264623574505,-12.534298852096983,-9.650203197301204,2.995417611698402,162
0.0032075881958007813,0.0008264172159709904,0.0015571117401123047,0.00045280721172758203,friedman_mse,2,2,best,"{'criterion': 'friedman_mse', 'max_depth': 2, 'max_features': 2, 'splitter': 'best'}",-13.427953326694386,-9.836061025967396,-8.650922878015006,-7.761056041802362,-14.41638132523419,-10.818474919542668,2.6368745577478805,180
0.003011608123779297,0.0005187113991515821,0.001013469696044922,3.5981905734526144e-05,friedman_mse,2,2,random,"{'criterion': 'friedman_mse', 'max_depth': 2, 'max_features': 2, 'splitter': 'random'}",-15.0617527645385,-8.147638834156027,-8.41049016857026,-7.1622833576123766,-11.633170874959559,-10.083067199967344,2.907387366451178,172
0.0034404277801513674,0.00045587436388940244,0.0011144638061523437,0.0001968342897079122,friedman_mse,5,sqrt,best,"{'criterion': 'friedman_mse', 'max_depth': 5, 'max_features': 'sqrt', 'splitter': 'best'}",-12.251124850152953,-7.706701200004271,-6.411322036333518,-5.947311709831808,-9.189058209749417,-8.301103601214393,2.2740297315273215,50
0.0022159576416015624,0.00042566071820076775,0.001383066177368164,0.0006253185478486931,friedman_mse,5,sqrt,random,"{'criterion': 'friedman_mse', 'max_depth': 5, 'max_features': 'sqrt', 'splitter': 'random'}",-13.426224324654248,-7.201779307016952,-7.627597218485353,-5.9788388705978575,-7.178268125783602,-8.282541569307602,2.6298645371969624,45
0.005371809005737305,0.001312922040750589,0.0013106822967529296,0.00041652351084285773,friedman_mse,5,log2,best,"{'criterion': 'friedman_mse', 'max_depth': 5, 'max_features': 'log2', 'splitter': 'best'}",-12.937026055311808,-7.750361067950948,-7.9037831041114766,-6.489648448723198,-9.367752214815047,-8.889714178182496,2.219898866775585,127
0.0034386634826660155,0.0005237830000462022,0.002109241485595703,0.00020093928030669568,friedman_mse,5,log2,random,"{'criterion': 'friedman_mse', 'max_depth': 5, 'max_features': 'log2', 'splitter': 'random'}",-12.91317720494875,-8.681760389435711,-7.531393884650889,-7.44523140234582,-10.002319285004344,-9.314776433277103,2.024725390551189,158
0.004228448867797852,0.0008757618768335764,0.0010021686553955077,5.3677252005873723e-05,friedman_mse,5,2,best,"{'criterion': 'friedman_mse', 'max_depth': 5, 'max_features': 2, 'splitter': 'best'}",-11.674961768208165,-10.55378826217262,-5.647897208291429,-6.158060266316683,-9.450242692865492,-8.69699003957088,2.3927614299378717,112
0.001679849624633789,0.0003756308252871603,0.0005915164947509766,0.00048316834192260586,friedman_mse,5,2,random,"{'criterion': 'friedman_mse', 'max_depth': 5, 'max_features': 2, 'splitter': 'random'}",-14.03531063722718,-7.560943105791978,-7.21412299903602,-8.17916608900048,-10.797129628345461,-9.557334491880223,2.567681021935546,160
0.005657386779785156,0.0004269119482338213,0.0011846065521240235,0.0002184999084028573,friedman_mse,10,sqrt,best,"{'criterion': 'friedman_mse', 'max_depth': 10, 'max_features': 'sqrt', 'splitter': 'best'}",-12.572148627464063,-8.104169342634236,-7.011214061121129,-6.653970869431449,-9.498457955937086,-8.767992171317593,2.1448171365650572,120
0.0020593643188476563,0.0005942319449963713,0.001231813430786133,0.0002851902252006033,friedman_mse,10,sqrt,random,"{'criterion': 'friedman_mse', 'max_depth': 10, 'max_features': 'sqrt', 'splitter': 'random'}",-10.145802504745006,-7.993415577531018,-6.338477007713833,-6.571519257048513,-7.638626260913625,-7.7375681215903995,1.35587360444411,6
0.005324792861938476,0.0005661088661469894,0.001226949691772461,0.0003748354209460093,friedman_mse,10,log2,best,"{'criterion': 'friedman_mse', 'max_depth': 10, 'max_features': 'log2', 'splitter': 'best'}",-13.155168266932211,-7.307030267577323,-6.338473851559149,-5.514101253677402,-8.714257256704695,-8.205806179290155,2.694242421941464,35
0.003224945068359375,0.001194105952964296,0.0018375873565673827,0.00041891298023071763,friedman_mse,10,log2,random,"{'criterion': 'friedman_mse', 'max_depth': 10, 'max_features': 'log2', 'splitter': 'random'}",-12.475119674077703,-8.050793709666198,-6.451337613840231,-6.388699418798566,-8.293957723235703,-8.331981627923682,2.216270425024923,52
0.008735847473144532,0.0019249999667674319,0.0012743473052978516,0.000726740362258453,friedman_mse,10,2,best,"{'criterion': 'friedman_mse', 'max_depth': 10, 'max_features': 2, 'splitter': 'best'}",-15.753660411194,-6.842873733229861,-5.949679795573684,-6.344100009712534,-10.157467114683145,-9.009556212878644,3.6868049664718954,139
0.004107856750488281,0.000514506599878333,0.0018589496612548828,0.0001785730646981277,friedman_mse,10,2,random,"{'criterion': 'friedman_mse', 'max_depth': 10, 'max_features': 2, 'splitter': 'random'}",-10.242098021999668,-8.628701209134436,-7.048221333013374,-6.307787561206912,-10.214738727335222,-8.488309370537923,1.6065224395035098,74
0.011480140686035156,0.0025903965628319304,0.0016843795776367188,0.0005651709153866987,friedman_mse,20,sqrt,best,"{'criterion': 'friedman_mse', 'max_depth': 20, 'max_features': 'sqrt', 'splitter': 'best'}",-11.50458760310453,-7.730759861131238,-7.247608052369603,-5.630491641352916,-9.191350280542958,-8.26095948770025,1.9806112311413056,41
0.007590293884277344,0.0030997800018655593,0.0020659923553466796,0.0011006953144122916,friedman_mse,20,sqrt,random,"{'criterion': 'friedman_mse', 'max_depth': 20, 'max_features': 'sqrt', 'splitter': 'random'}",-10.63875285013842,-10.858548944692474,-6.472380107150848,-6.231823517944964,-8.457611506130458,-8.531823385211434,1.9692443732199068,89
0.008114767074584962,0.0006883286899799629,0.0011305809020996094,0.0002320274618737714,friedman_mse,20,log2,best,"{'criterion': 'friedman_mse', 'max_depth': 20, 'max_features': 'log2', 'splitter': 'best'}",-15.774428397555388,-6.325851558021959,-7.293397536294934,-6.5594639402662756,-6.710764110000644,-8.53278110842784,3.634880788366375,90
0.006301164627075195,0.0014783563602937847,0.001636648178100586,0.00048452992193787075,friedman_mse,20,log2,random,"{'criterion': 'friedman_mse', 'max_depth': 20, 'max_features': 'log2', 'splitter': 'random'}",-11.777064310876892,-8.662672159169162,-7.216869208460608,-7.2308977616667205,-7.4021035018652634,-8.45792138840773,1.7446593662591956,70
0.013086748123168946,0.0019877202014297645,0.002039813995361328,0.000633766787300612,friedman_mse,20,2,best,"{'criterion': 'friedman_mse', 'max_depth': 20, 'max_features': 2, 'splitter': 'best'}",-11.519288418230166,-7.965060855869148,-6.670130012854519,-7.698139664150215,-8.279964468396795,-8.42651668390017,1.6379916516814101,66
0.007071542739868164,0.0021002515590730153,0.0016435623168945313,0.0006142629264494433,friedman_mse,20,2,random,"{'criterion': 'friedman_mse', 'max_depth': 20, 'max_features': 2, 'splitter': 'random'}",-10.579066979090221,-7.677967838015414,-6.901558218565731,-6.850107841338551,-9.441227372706841,-8.28998564994335,1.479242743684195,48
0.007836055755615235,0.00081257830342736,0.0011750221252441405,0.00041209611294735446,friedman_mse,30,sqrt,best,"{'criterion': 'friedman_mse', 'max_depth': 30, 'max_features': 'sqrt', 'splitter': 'best'}",-11.665359870965958,-8.677548830361815,-8.494856468386645,-7.588652360074595,-6.868761046278032,-8.65903571521341,1.6380528933567604,107
0.0061915874481201175,0.0015378584414411198,0.0015926361083984375,0.000792268992105698,friedman_mse,30,sqrt,random,"{'criterion': 'friedman_mse', 'max_depth': 30, 'max_features': 'sqrt', 'splitter': 'random'}",-11.74209193717186,-7.7812211630333366,-6.2509667950306556,-6.347669402617595,-8.65177395912501,-8.154744651395692,2.0072622927259998,31
0.012063169479370117,0.002473099662166862,0.002243661880493164,0.0004691235003365995,friedman_mse,30,log2,best,"{'criterion': 'friedman_mse', 'max_depth': 30, 'max_features': 'log2', 'splitter': 'best'}",-11.289017547859883,-7.2133643048918055,-7.3633362969726175,-6.21549872421839,-8.556813993251364,-8.127606173438812,1.7467021936523335,27
0.006732177734375,0.001093575488075406,0.0018895626068115234,0.0007993535844789104,friedman_mse,30,log2,random,"{'criterion': 'friedman_mse', 'max_depth': 30, 'max_features': 'log2', 'splitter': 'random'}",-13.628284179104448,-7.3670720518014905,-7.202776680845906,-7.053597141855988,-9.287828362220115,-8.907911683165588,2.4958528701536116,129
0.009307336807250977,0.0009703864790826511,0.002537107467651367,0.0012867215968845058,friedman_mse,30,2,best,"{'criterion': 'friedman_mse', 'max_depth': 30, 'max_features': 2, 'splitter': 'best'}",-10.247161405632074,-7.249785815009103,-6.274276910105424,-5.586704028427994,-8.509858808425797,-7.573557393520079,1.659238551694557,2
0.007858753204345703,0.0021752912604674998,0.0018244266510009765,0.0005064834331970432,friedman_mse,30,2,random,"{'criterion': 'friedman_mse', 'max_depth': 30, 'max_features': 2, 'splitter': 'random'}",-11.793673635551386,-9.742413982628586,-8.525262714893648,-6.773212695105125,-8.331561052877543,-9.033224816211256,1.6721865493214139,141
0.011540937423706054,0.002734741358589559,0.0021278858184814453,0.0010700903240391316,friedman_mse,50,sqrt,best,"{'criterion': 'friedman_mse', 'max_depth': 50, 'max_features': 'sqrt', 'splitter': 'best'}",-11.371631061567788,-8.664674540543578,-7.5602986183363114,-6.468658948569582,-8.699529023416279,-8.552958438486707,1.631475201291271,94
0.00850086212158203,0.0017688933350067805,0.0030521869659423826,0.0015353523664879516,friedman_mse,50,sqrt,random,"{'criterion': 'friedman_mse', 'max_depth': 50, 'max_features': 'sqrt', 'splitter': 'random'}",-11.22961780866875,-7.354078570891298,-7.598320250975845,-6.474848934095907,-8.420620458786484,-8.215497204683658,1.6297119022375748,38
0.013527917861938476,0.002002899073004726,0.002459430694580078,0.00098317271189205,friedman_mse,50,log2,best,"{'criterion': 'friedman_mse', 'max_depth': 50, 'max_features': 'log2', 'splitter': 'best'}",-11.311150667971356,-7.416499916898904,-6.894332822269919,-6.9526839458243535,-7.7791500563183025,-8.070763481856567,1.6521077001231896,23
0.0090789794921875,0.0028441341015188965,0.002429628372192383,0.0005904292466480203,friedman_mse,50,log2,random,"{'criterion': 'friedman_mse', 'max_depth': 50, 'max_features': 'log2', 'splitter': 'random'}",-10.859614782921646,-8.208679392441757,-7.2996619203741,-5.985223157295437,-9.294882859931828,-8.329612422592954,1.667587648222053,51
0.016080331802368165,0.0021174295965156052,0.0033653736114501952,0.001001363738361631,friedman_mse,50,2,best,"{'criterion': 'friedman_mse', 'max_depth': 50, 'max_features': 2, 'splitter': 'best'}",-10.805673639095527,-7.326453132212282,-6.551842220516292,-5.525578252337732,-9.955435354192797,-8.032996519670926,2.018101953057897,18
0.010597324371337891,0.0024463911062970623,0.0040493965148925785,0.001418835936086734,friedman_mse,50,2,random,"{'criterion': 'friedman_mse', 'max_depth': 50, 'max_features': 2, 'splitter': 'random'}",-13.30884283179997,-7.964756760673069,-6.777792027394742,-7.567278586460704,-9.399566880571552,-9.003647417380009,2.3146637427424515,137
0.014980030059814454,0.003017831836351649,0.002521228790283203,0.000960348502406966,friedman_mse,100,sqrt,best,"{'criterion': 'friedman_mse', 'max_depth': 100, 'max_features': 'sqrt', 'splitter': 'best'}",-12.648980054497498,-7.357365963891168,-6.43457384291178,-6.258383653073133,-8.674607927171378,-8.274782288308991,2.3489295404596877,43
0.009124660491943359,0.001300263923983669,0.002749776840209961,0.0008834095219048207,friedman_mse,100,sqrt,random,"{'criterion': 'friedman_mse', 'max_depth': 100, 'max_features': 'sqrt', 'splitter': 'random'}",-14.756714106231312,-7.020306521679836,-7.844111971515607,-6.216821415035903,-9.987170101246035,-9.165024823141739,3.065271361126501,150
0.01888885498046875,0.0021556405452359253,0.003490257263183594,0.0006493943422503467,friedman_mse,100,log2,best,"{'criterion': 'friedman_mse', 'max_depth': 100, 'max_features': 'log2', 'splitter': 'best'}",-13.486948114687147,-8.517918401588163,-7.1520499658122985,-6.524008427443194,-10.35446804010072,-9.207078589926304,2.5112043169472873,152
0.014757537841796875,0.016045582841156966,0.0022884368896484374,0.0010995557339049363,friedman_mse,100,log2,random,"{'criterion': 'friedman_mse', 'max_depth': 100, 'max_features': 'log2', 'splitter': 'random'}",-14.07748216257842,-8.206806814613142,-7.260476496005113,-6.897827059489403,-9.950913776505798,-9.278701261838375,2.6218664602534125,156
0.007821798324584961,0.0002551418798730922,0.0013367176055908204,0.000520945252215148,friedman_mse,100,2,best,"{'criterion': 'friedman_mse', 'max_depth': 100, 'max_features': 2, 'splitter': 'best'}",-11.725280649016463,-8.692506632564267,-7.52691996234633,-6.0486464570490375,-7.977409578830749,-8.394152655961369,1.876837524551195,62
0.0062466621398925785,0.0014326860080890258,0.0029705047607421877,0.0011551698428356673,friedman_mse,100,2,random,"{'criterion': 'friedman_mse', 'max_depth': 100, 'max_features': 2, 'splitter': 'random'}",-12.561677222279307,-7.875897080935043,-7.479418279517195,-6.886747607704611,-8.80251889723215,-8.72125181753366,2.018794317922022,113
0.01772613525390625,0.0010965570279022356,0.0034218311309814455,0.0008869715950752966,friedman_mse,120,sqrt,best,"{'criterion': 'friedman_mse', 'max_depth': 120, 'max_features': 'sqrt', 'splitter': 'best'}",-13.424882717321521,-6.970719874055602,-7.886926843123211,-6.825502538440061,-7.127934658642942,-8.447193326316668,2.515614775932915,68
0.010726737976074218,0.0013573259572452457,0.003928852081298828,0.00020921761622841824,friedman_mse,120,sqrt,random,"{'criterion': 'friedman_mse', 'max_depth': 120, 'max_features': 'sqrt', 'splitter': 'random'}",-12.786918088813813,-6.672917119440628,-6.250294731754318,-7.355791724215796,-8.864103212896897,-8.38600497542429,2.372925694010641,60
0.016705131530761717,0.0022392394676397525,0.003658580780029297,0.00038866046998745985,friedman_mse,120,log2,best,"{'criterion': 'friedman_mse', 'max_depth': 120, 'max_features': 'log2', 'splitter': 'best'}",-10.936165206738146,-6.770268492812122,-7.245292246095929,-6.2951134159540265,-9.49887190885888,-8.14914225409182,1.774538120113593,29
0.012090682983398438,0.001380793481006727,0.0030068397521972657,0.0016830036406640086,friedman_mse,120,log2,random,"{'criterion': 'friedman_mse', 'max_depth': 120, 'max_features': 'log2', 'splitter': 'random'}",-8.424192346679051,-6.790762426293394,-7.246933226426761,-6.5276636852698,-7.449850862805003,-7.287880509494802,0.6548544380467647,1
0.017247343063354494,0.0008993278327526957,0.0029277801513671875,0.0008642792602244466,friedman_mse,120,2,best,"{'criterion': 'friedman_mse', 'max_depth': 120, 'max_features': 2, 'splitter': 'best'}",-13.747512057200824,-8.349621727757478,-6.379977985717025,-7.280262332668377,-10.305955530166653,-9.212665926702073,2.6177571122971512,153
0.005463266372680664,0.0016420899905971041,0.0013486385345458985,0.000908695932624579,friedman_mse,120,2,random,"{'criterion': 'friedman_mse', 'max_depth': 120, 'max_features': 2, 'splitter': 'random'}",-13.044589726141771,-6.928234308239873,-7.487681634200023,-6.578914195250391,-9.700629549848632,-8.748009882736138,2.407200412013494,117
0.00889291763305664,0.002306134625881044,0.001409006118774414,0.0005008238265111876,friedman_mse,150,sqrt,best,"{'criterion': 'friedman_mse', 'max_depth': 150, 'max_features': 'sqrt', 'splitter': 'best'}",-13.217298272201308,-7.8656566842290125,-7.795606013572177,-5.478101343919356,-8.143137361691808,-8.499959935122732,2.5460042317918004,77
0.006533956527709961,0.001713240160198837,0.0017220020294189454,0.0008556956810987582,friedman_mse,150,sqrt,random,"{'criterion': 'friedman_mse', 'max_depth': 150, 'max_features': 'sqrt', 'splitter': 'random'}",-11.811276076237837,-9.269728205906498,-7.553471000065018,-6.167139199409416,-7.89743040551642,-8.539808977427038,1.9105158345044049,92
0.00861673355102539,0.0017667798247979947,0.001468515396118164,0.0009728680167060361,friedman_mse,150,log2,best,"{'criterion': 'friedman_mse', 'max_depth': 150, 'max_features': 'log2', 'splitter': 'best'}",-11.592021153302317,-9.529168790483775,-7.573289478934792,-5.75795881149765,-10.43931556798679,-8.978350760441064,2.0791446848756996,135
0.008758783340454102,0.000884645357210066,0.0030687808990478515,0.0008914122647380877,friedman_mse,150,log2,random,"{'criterion': 'friedman_mse', 'max_depth': 150, 'max_features': 'log2', 'splitter': 'random'}",-10.868100147589434,-7.676547506195073,-7.40445550302374,-6.183578213064935,-10.227027738774405,-8.471941821729517,1.779364406863642,72
0.012861204147338868,0.0024245765264653924,0.0019444942474365235,0.0010686448116982025,friedman_mse,150,2,best,"{'criterion': 'friedman_mse', 'max_depth': 150, 'max_features': 2, 'splitter': 'best'}",-13.83950595875648,-7.320788943921552,-6.555294178401115,-7.604733495741286,-10.079254260230192,-9.079915367410125,2.6569448732047465,144
0.0059544086456298825,0.002024777115799296,0.0013360023498535157,0.0005999158499233843,friedman_mse,150,2,random,"{'criterion': 'friedman_mse', 'max_depth': 150, 'max_features': 2, 'splitter': 'random'}",-11.306933683967722,-7.983846103954471,-7.04002563448466,-6.270186448180096,-9.148236225246512,-8.349845619166693,1.7638800235697367,55
0.013314580917358399,0.001605046217548511,0.002205371856689453,0.0004441618981762347,friedman_mse,200,sqrt,best,"{'criterion': 'friedman_mse', 'max_depth': 200, 'max_features': 'sqrt', 'splitter': 'best'}",-10.076316735273652,-11.212803696509967,-7.3587695990342565,-5.641471074221095,-9.002286160557004,-8.658329453119196,1.9720356539255084,106
0.007870912551879883,0.0008433366703435921,0.002169895172119141,0.001153231563216818,friedman_mse,200,sqrt,random,"{'criterion': 'friedman_mse', 'max_depth': 200, 'max_features': 'sqrt', 'splitter': 'random'}",-13.45658858824908,-6.722917843741033,-8.159579883919257,-6.947412681420506,-9.50027080105996,-8.957353959677967,2.4579211994605874,134
0.012946701049804688,0.0021084868992415676,0.0016231060028076172,0.0004695713177694624,friedman_mse,200,log2,best,"{'criterion': 'friedman_mse', 'max_depth': 200, 'max_features': 'log2', 'splitter': 'best'}",-12.580932670430403,-7.807479850907569,-7.475967844448701,-6.0381943743558155,-6.966800442820481,-8.173875036592595,2.2830522479737376,32
0.007625722885131836,0.0011179290372969597,0.002117490768432617,0.00043816894684036676,friedman_mse,200,log2,random,"{'criterion': 'friedman_mse', 'max_depth': 200, 'max_features': 'log2', 'splitter': 'random'}",-11.758946513824316,-7.805600475044494,-6.915870153027218,-6.957314257782326,-8.459499477837156,-8.379446175503102,1.7844463522801195,59
0.00849776268005371,0.004704646051471931,0.0010571956634521484,0.0006952825932128983,friedman_mse,200,2,best,"{'criterion': 'friedman_mse', 'max_depth': 200, 'max_features': 2, 'splitter': 'best'}",-13.599247782516306,-7.599842789204879,-7.317461726135107,-6.335785631551257,-7.980106892334067,-8.566488964348324,2.574607406378582,95
0.003589963912963867,0.0019349258972042329,0.002362060546875,0.0031162384433449644,friedman_mse,200,2,random,"{'criterion': 'friedman_mse', 'max_depth': 200, 'max_features': 2, 'splitter': 'random'}",-10.971382372194268,-9.420268153617325,-8.160480425173766,-6.951591691272687,-8.345582369543767,-8.769861002360363,1.3510874241145014,121
0.13993072509765625,0.013374265532683486,0.0019573211669921876,0.0007185514275695401,mae,2,sqrt,best,"{'criterion': 'mae', 'max_depth': 2, 'max_features': 'sqrt', 'splitter': 'best'}",-15.643489765575671,-9.021631793932288,-7.404602117133961,-7.042799091190884,-10.614453278353,-9.945395209237162,3.1192932815513186,169
0.07653298377990722,0.020796577064034805,0.0018178939819335938,0.0010186898149494362,mae,2,sqrt,random,"{'criterion': 'mae', 'max_depth': 2, 'max_features': 'sqrt', 'splitter': 'random'}",-14.438718894754428,-8.112049493796412,-8.254443025138052,-6.759973215295028,-10.22991589102806,-9.559020104002396,2.6792487839764387,161
0.1430544376373291,0.02679235018420574,0.0021238803863525392,0.0004615198297265387,mae,2,log2,best,"{'criterion': 'mae', 'max_depth': 2, 'max_features': 'log2', 'splitter': 'best'}",-15.504312896185935,-8.25007180594175,-7.327166586842572,-6.866002495029361,-10.632175606242035,-9.715945878048332,3.172440708201512,165
0.07533221244812012,0.013080731843086795,0.001987600326538086,0.0010843182469428346,mae,2,log2,random,"{'criterion': 'mae', 'max_depth': 2, 'max_features': 'log2', 'splitter': 'random'}",-11.07430790980104,-10.643294760901345,-7.518082065138265,-6.457273490133019,-10.060982756117546,-9.150788196418244,1.826291808742382,148
0.1436152935028076,0.028186328474869494,0.0025798797607421873,0.00086967027649515,mae,2,2,best,"{'criterion': 'mae', 'max_depth': 2, 'max_features': 2, 'splitter': 'best'}",-15.734175268135438,-8.888175248864261,-8.64857476786655,-7.89394062077521,-11.179879450569114,-10.468949071242116,2.8520626188982208,178
0.08130426406860351,0.012071766731573562,0.0014136791229248046,0.0007922843258598119,mae,2,2,random,"{'criterion': 'mae', 'max_depth': 2, 'max_features': 2, 'splitter': 'random'}",-16.184050743735483,-10.001854432106198,-7.328023209515017,-7.237152590029762,-9.470662254040459,-10.044348645885384,3.2645256089368235,171
0.21377873420715332,0.04002668255264807,0.0018024444580078125,0.0004034113094259777,mae,5,sqrt,best,"{'criterion': 'mae', 'max_depth': 5, 'max_features': 'sqrt', 'splitter': 'best'}",-14.44501209082815,-11.239498033431811,-8.576024731707427,-7.584972160914671,-9.180691947199055,-10.205239792816224,2.433729718492342,175
0.11549453735351563,0.018356970492007307,0.0015481948852539063,0.00031870782608926177,mae,5,sqrt,random,"{'criterion': 'mae', 'max_depth': 5, 'max_features': 'sqrt', 'splitter': 'random'}",-11.987949842294054,-10.368197827669345,-8.759715801492987,-6.958774223838761,-11.7573466762741,-9.96639687431385,1.8951250523785137,170
0.19446749687194825,0.019264220891258503,0.0019710540771484377,0.0005554016840280097,mae,5,log2,best,"{'criterion': 'mae', 'max_depth': 5, 'max_features': 'log2', 'splitter': 'best'}",-13.200408736478723,-7.298924311254517,-6.46872030897993,-5.737947624987083,-8.394180197722717,-8.220036235884594,2.6423760099573905,39
0.11489920616149903,0.02049274867855617,0.0016061782836914063,0.00047117749758653304,mae,5,log2,random,"{'criterion': 'mae', 'max_depth': 5, 'max_features': 'log2', 'splitter': 'random'}",-12.787506990948378,-8.438113123095071,-6.490119869505222,-6.896605218256134,-9.066217124381499,-8.735712465237262,2.2378489291570665,115
0.20854759216308594,0.029362103707625688,0.0019639968872070313,0.0006682086123229616,mae,5,2,best,"{'criterion': 'mae', 'max_depth': 5, 'max_features': 2, 'splitter': 'best'}",-14.55178027335243,-7.937579877699041,-6.056498096481167,-6.612017773998707,-10.553202977817815,-9.142215799869831,3.118620724269346,146
0.10738325119018555,0.018186688644680152,0.002442026138305664,0.00016081750078219176,mae,5,2,random,"{'criterion': 'mae', 'max_depth': 5, 'max_features': 2, 'splitter': 'random'}",-11.407433857994363,-8.483255948382643,-6.47323803707152,-6.482145449595262,-12.936398660411378,-9.156494390691034,2.6137965372957117,149
0.24760093688964843,0.030499679253099602,0.0019934654235839845,0.0006044390224890863,mae,10,sqrt,best,"{'criterion': 'mae', 'max_depth': 10, 'max_features': 'sqrt', 'splitter': 'best'}",-13.803939056001433,-6.802609006405603,-6.818184953019885,-6.6288953484854245,-7.363868990214547,-8.28349947082538,2.771240568402989,46
0.13865575790405274,0.03409970310164062,0.0024825572967529298,0.0010498792881193462,mae,10,sqrt,random,"{'criterion': 'mae', 'max_depth': 10, 'max_features': 'sqrt', 'splitter': 'random'}",-12.553467862934163,-7.090342515710322,-5.843958247147576,-6.191026341690406,-7.201163298303125,-7.775991653157118,2.4441640465689254,7
0.24238429069519044,0.010964406206049597,0.0017759323120117188,0.00035882417226456236,mae,10,log2,best,"{'criterion': 'mae', 'max_depth': 10, 'max_features': 'log2', 'splitter': 'best'}",-12.33148389017219,-6.679948436720186,-7.2353997899120746,-5.520228335421531,-7.803085686670103,-7.914029227779217,2.334094693394613,11
0.1358048915863037,0.019904779022693143,0.0013251781463623046,0.0007729361101024025,mae,10,log2,random,"{'criterion': 'mae', 'max_depth': 10, 'max_features': 'log2', 'splitter': 'random'}",-10.29254229532682,-7.939873458415468,-6.440958318536011,-6.488942410458284,-7.998217095026154,-7.832106715552548,1.4023076541370187,8
0.231650447845459,0.02600491498243341,0.0017765998840332032,0.00039298095754485013,mae,10,2,best,"{'criterion': 'mae', 'max_depth': 10, 'max_features': 2, 'splitter': 'best'}",-12.129148845198358,-8.038896994450615,-7.168246600815255,-6.474613977624234,-8.239599680578248,-8.410101219733344,1.9640006288743541,64
0.14985055923461915,0.022391364236342404,0.0018754005432128906,0.0005448734351738309,mae,10,2,random,"{'criterion': 'mae', 'max_depth': 10, 'max_features': 2, 'splitter': 'random'}",-11.864689123553052,-7.3753587307554795,-6.79377907652119,-6.515045239395817,-7.017815710342876,-7.9133375761136815,1.9956548997515464,10
0.2735899925231934,0.02543422632707672,0.0023958683013916016,0.00044367935979967084,mae,20,sqrt,best,"{'criterion': 'mae', 'max_depth': 20, 'max_features': 'sqrt', 'splitter': 'best'}",-10.674862565057166,-8.937564193418275,-6.787675298998298,-6.877908129379139,-8.598340427180604,-8.375270122806697,1.4433717918082267,58
0.142171049118042,0.018946382419128417,0.0021622180938720703,0.0006400327638948183,mae,20,sqrt,random,"{'criterion': 'mae', 'max_depth': 20, 'max_features': 'sqrt', 'splitter': 'random'}",-10.962618234846063,-7.000795202444896,-7.09490552972588,-6.000556275646985,-9.368151829488957,-8.085405414430557,1.8126145339999173,24
0.26024909019470216,0.03119745698150088,0.0024288654327392577,0.0005959209805995792,mae,20,log2,best,"{'criterion': 'mae', 'max_depth': 20, 'max_features': 'log2', 'splitter': 'best'}",-10.911946489233394,-8.421822189708912,-7.333758530982411,-6.299869491477137,-8.88794549582758,-8.371068439445887,1.5550997412857408,57
0.18492403030395507,0.03996245795831932,0.0024566173553466795,0.0004068949402162941,mae,20,log2,random,"{'criterion': 'mae', 'max_depth': 20, 'max_features': 'log2', 'splitter': 'random'}",-10.938897547774268,-8.665521975466,-6.917754312769365,-6.003819753058371,-10.03908036110487,-8.513014790034575,1.848131891777397,85
0.2457705020904541,0.02347981162133878,0.0021656513214111327,0.000704485349833733,mae,20,2,best,"{'criterion': 'mae', 'max_depth': 20, 'max_features': 2, 'splitter': 'best'}",-10.991956179109343,-7.757981002737043,-7.149146363724085,-6.173476020443876,-10.612860961160559,-8.537084105434982,1.9212112039964082,91
0.15509552955627443,0.03347459265284626,0.002531909942626953,0.0012761798712379385,mae,20,2,random,"{'criterion': 'mae', 'max_depth': 20, 'max_features': 2, 'splitter': 'random'}",-10.640331206906836,-6.556837108570656,-6.979220544223082,-7.3585339472440205,-6.94510928467226,-7.696006418323371,1.4938722395386506,5
0.24193696975708007,0.012636113735575554,0.0018636703491210938,0.0005143886540742374,mae,30,sqrt,best,"{'criterion': 'mae', 'max_depth': 30, 'max_features': 'sqrt', 'splitter': 'best'}",-13.491907616294485,-7.929828595302507,-6.584634504391015,-6.086417205582865,-8.365529091985499,-8.491663402711275,2.6365120480839814,75
0.13895998001098633,0.024233368437398897,0.002254152297973633,0.000581954338600313,mae,30,sqrt,random,"{'criterion': 'mae', 'max_depth': 30, 'max_features': 'sqrt', 'splitter': 'random'}",-11.324905478188017,-7.566324986116877,-6.4011872270237875,-8.159572005944408,-10.524018729662755,-8.79520168538717,1.845734428900303,124
0.2680823802947998,0.024408891775701727,0.0024011611938476564,0.0016474534625721261,mae,30,log2,best,"{'criterion': 'mae', 'max_depth': 30, 'max_features': 'log2', 'splitter': 'best'}",-12.976143161036587,-10.17246973580773,-7.779861523357776,-6.626874622054618,-6.7883626708384135,-8.868742342619026,2.4128845182772247,125
0.16745610237121583,0.018475666948845653,0.002079486846923828,0.0005910977542387134,mae,30,log2,random,"{'criterion': 'mae', 'max_depth': 30, 'max_features': 'log2', 'splitter': 'random'}",-12.29157954382554,-6.380700676720978,-8.147049338999839,-7.082432615390793,-9.022113223389223,-8.584775079665274,2.060982516432008,96
0.2564571380615234,0.017396146311023365,0.0030463695526123046,0.0006765153225247842,mae,30,2,best,"{'criterion': 'mae', 'max_depth': 30, 'max_features': 2, 'splitter': 'best'}",-11.455985156637439,-7.560800581705418,-7.061392456501454,-7.132573322104728,-9.345408513889053,-8.511232006167619,1.6895843241909958,83
0.14522700309753417,0.014776382844195,0.0017998218536376953,0.0007284495204348418,mae,30,2,random,"{'criterion': 'mae', 'max_depth': 30, 'max_features': 2, 'splitter': 'random'}",-11.46574621430336,-8.82373138861303,-6.773922074816563,-6.127513972107652,-9.367391388401801,-8.511661007648481,1.9110298533070968,84
0.24440865516662597,0.01414229474605773,0.002344989776611328,0.0008400636002031968,mae,50,sqrt,best,"{'criterion': 'mae', 'max_depth': 50, 'max_features': 'sqrt', 'splitter': 'best'}",-12.192215582682142,-7.356846663438851,-7.426221579385871,-5.712752851513405,-7.277163274547747,-7.993039990313603,2.1941417284771547,14
0.17129974365234374,0.018124864546036817,0.002111530303955078,0.000232292071975879,mae,50,sqrt,random,"{'criterion': 'mae', 'max_depth': 50, 'max_features': 'sqrt', 'splitter': 'random'}",-11.948372248376128,-7.044239534305458,-7.739253898968889,-6.226017666839502,-8.114772513565132,-8.214531172411023,1.9749014120856625,37
0.2646960258483887,0.03347454720170798,0.0020169734954833983,3.570023470383586e-05,mae,50,log2,best,"{'criterion': 'mae', 'max_depth': 50, 'max_features': 'log2', 'splitter': 'best'}",-12.311290844903656,-7.911433078860032,-7.753216145313135,-7.8453701469723685,-10.391055843686832,-9.242473211947205,1.826380855508986,155
0.1370358943939209,0.026562561962325173,0.0018628597259521484,0.0013608328131533287,mae,50,log2,random,"{'criterion': 'mae', 'max_depth': 50, 'max_features': 'log2', 'splitter': 'random'}",-11.913232817829515,-9.0664409066502,-7.272359992851094,-6.390351649135633,-6.782613803820567,-8.284999834057402,2.0320934875612076,47
0.2457423210144043,0.015877759151572662,0.002487039566040039,0.0009858775696721933,mae,50,2,best,"{'criterion': 'mae', 'max_depth': 50, 'max_features': 2, 'splitter': 'best'}",-12.636292231486358,-6.953589078670434,-7.131512352737038,-7.046972420034461,-9.422866137647642,-8.638246444115186,2.2018387435131483,104
0.1321094512939453,0.017036099913013806,0.0018253803253173828,0.00040064547573004464,mae,50,2,random,"{'criterion': 'mae', 'max_depth': 50, 'max_features': 2, 'splitter': 'random'}",-11.352036293302397,-8.621047755985288,-7.565475244193746,-7.127060446418893,-7.11534622010904,-8.356193192001871,1.595050294791901,56
0.2828980922698975,0.03692422935894328,0.001502084732055664,0.0007742115737669322,mae,100,sqrt,best,"{'criterion': 'mae', 'max_depth': 100, 'max_features': 'sqrt', 'splitter': 'best'}",-12.287521706839819,-7.832424952334794,-6.992243950360242,-7.118154962109259,-8.302251965096579,-8.50651950734814,1.9500098924592368,80
0.16325840950012208,0.014089233849290478,0.001652097702026367,0.0010921182742535695,mae,100,sqrt,random,"{'criterion': 'mae', 'max_depth': 100, 'max_features': 'sqrt', 'splitter': 'random'}",-12.265993663444634,-7.214224314275602,-7.671213327799256,-8.15997478534417,-9.688096023276238,-8.99990042282798,1.8330576574964224,136
0.2748518943786621,0.04167520992215017,0.0021363258361816405,0.00019164657845243996,mae,100,log2,best,"{'criterion': 'mae', 'max_depth': 100, 'max_features': 'log2', 'splitter': 'best'}",-14.20469832165756,-10.42415712095498,-7.8139200513339375,-7.414696991985884,-9.726857614939789,-9.91686602017443,2.423311160132828,168
0.1447237491607666,0.015011853559694964,0.0020493030548095702,0.0006994501519665945,mae,100,log2,random,"{'criterion': 'mae', 'max_depth': 100, 'max_features': 'log2', 'splitter': 'random'}",-12.585299427442205,-7.6284654108561,-7.535245336578421,-6.0225245802698355,-8.660192856421629,-8.486345522313638,2.2155184267046284,73
0.2520317554473877,0.010988826791875036,0.002069902420043945,0.0006984512605207227,mae,100,2,best,"{'criterion': 'mae', 'max_depth': 100, 'max_features': 2, 'splitter': 'best'}",-10.96838100130241,-7.629846267917864,-7.158761501284845,-9.748400479500512,-9.598743107165937,-9.020826471434313,1.4183393177594013,140
0.15721774101257324,0.027966311320398944,0.0022462844848632813,0.0005396656355704927,mae,100,2,random,"{'criterion': 'mae', 'max_depth': 100, 'max_features': 2, 'splitter': 'random'}",-11.904882380054898,-8.354940579645678,-7.510732451780033,-7.784010929320144,-10.91144111449713,-9.293201491059577,1.7762185738431784,157
0.2632282733917236,0.026025699248793808,0.0016977787017822266,0.0003988658604299861,mae,120,sqrt,best,"{'criterion': 'mae', 'max_depth': 120, 'max_features': 'sqrt', 'splitter': 'best'}",-12.46199977187322,-8.567591587998699,-6.821210427407231,-6.234952781706485,-9.596952291480987,-8.736541372093324,2.2169496778891244,116
0.1523571014404297,0.009127340106067921,0.0017612934112548827,0.0006535108069211186,mae,120,sqrt,random,"{'criterion': 'mae', 'max_depth': 120, 'max_features': 'sqrt', 'splitter': 'random'}",-10.68953637885982,-8.949117862425464,-8.019803861952726,-5.937255744599185,-6.609173825811626,-8.040977534729764,1.692083825415727,20
0.2741415023803711,0.0335257705456723,0.003475332260131836,0.00338193924716894,mae,120,log2,best,"{'criterion': 'mae', 'max_depth': 120, 'max_features': 'log2', 'splitter': 'best'}",-13.906871215371389,-6.926826119926682,-7.364422128393052,-6.000157902515383,-8.566336696945996,-8.5529228126305,2.801366682470339,93
0.1538020133972168,0.03485367163333443,0.0017961978912353516,0.0007480350513312068,mae,120,log2,random,"{'criterion': 'mae', 'max_depth': 120, 'max_features': 'log2', 'splitter': 'random'}",-10.73705379931525,-7.185160484067972,-6.998949778754126,-6.230074427989937,-9.88253066123646,-8.20675383027275,1.767503944652745,36
0.2772552013397217,0.03714721695898775,0.0014219284057617188,0.0008224325104363167,mae,120,2,best,"{'criterion': 'mae', 'max_depth': 120, 'max_features': 2, 'splitter': 'best'}",-10.504189394747067,-9.72689970916738,-6.68739365896794,-6.39810446907873,-7.204344963755415,-8.104186439143309,1.6805323379800663,25
0.12738475799560547,0.017135726025636008,0.0020366191864013674,0.0007426673359223399,mae,120,2,random,"{'criterion': 'mae', 'max_depth': 120, 'max_features': 2, 'splitter': 'random'}",-10.962240057488282,-8.990436752126897,-8.266848693153465,-6.963694244256196,-9.599342966667045,-8.956512542738377,1.3329880468725497,133
0.2655642032623291,0.01642942743781589,0.0019012928009033204,0.000508467777204722,mae,150,sqrt,best,"{'criterion': 'mae', 'max_depth': 150, 'max_features': 'sqrt', 'splitter': 'best'}",-11.949881745002148,-7.208755509443593,-7.619645973422502,-6.179974576396764,-9.358356841959907,-8.463322929244985,2.0227005709057124,71
0.17212677001953125,0.02520964733898872,0.0023026466369628906,0.0007398940686274633,mae,150,sqrt,random,"{'criterion': 'mae', 'max_depth': 150, 'max_features': 'sqrt', 'splitter': 'random'}",-13.007496186430533,-9.328892571360473,-7.431669638368624,-5.911315383895325,-10.170309917491341,-9.169936739509259,2.4245849795184022,151
0.24424505233764648,0.031774054625174436,0.002347373962402344,0.0005322583705729961,mae,150,log2,best,"{'criterion': 'mae', 'max_depth': 150, 'max_features': 'log2', 'splitter': 'best'}",-11.935135921247037,-7.549785893382034,-7.024172415158171,-6.924262468673099,-9.737964814138646,-8.6342643025198,1.9394073239038498,103
0.17163410186767578,0.027656491658779078,0.0020085811614990235,0.0006956216207377599,mae,150,log2,random,"{'criterion': 'mae', 'max_depth': 150, 'max_features': 'log2', 'splitter': 'random'}",-11.730206175570983,-7.494377898784878,-7.775382776069993,-6.458747157902061,-8.222030679356012,-8.336148937536786,1.7933389040338044,53
0.2433413028717041,0.02628731157079515,0.0023905277252197266,0.00041329219695963984,mae,150,2,best,"{'criterion': 'mae', 'max_depth': 150, 'max_features': 2, 'splitter': 'best'}",-13.412648590761032,-8.062454337172172,-7.481878698482352,-6.053429687966425,-7.172742587096784,-8.436630780295754,2.572523026515827,67
0.15851740837097167,0.01571101157338537,0.0012420177459716796,0.0006190560806567389,mae,150,2,random,"{'criterion': 'mae', 'max_depth': 150, 'max_features': 2, 'splitter': 'random'}",-11.389515669483343,-7.656227088348829,-7.087873175267306,-7.287542578563016,-9.589534321625074,-8.602138566657514,1.6528963852920775,98
0.24498200416564941,0.03383237765964579,0.0025502681732177735,0.0007447444576215484,mae,200,sqrt,best,"{'criterion': 'mae', 'max_depth': 200, 'max_features': 'sqrt', 'splitter': 'best'}",-13.690032168594726,-7.105239902648125,-7.282160666389866,-6.236971908250181,-8.217688524079218,-8.506418633992425,2.667047513707801,79
0.1571181297302246,0.018001873986656355,0.003383636474609375,0.002773695608533833,mae,200,sqrt,random,"{'criterion': 'mae', 'max_depth': 200, 'max_features': 'sqrt', 'splitter': 'random'}",-14.808767854444664,-8.113471488740535,-6.6806679745523825,-5.953429940553063,-9.679411613884213,-9.04714977443497,3.1508440645143154,142
0.2525585174560547,0.015497026130200167,0.0018533706665039063,0.00023395676840249773,mae,200,log2,best,"{'criterion': 'mae', 'max_depth': 200, 'max_features': 'log2', 'splitter': 'best'}",-10.883009900709702,-7.69339348074562,-7.114188909902104,-8.004006271499211,-8.276042241204024,-8.394128160812134,1.3030690899560444,61
0.15299201011657715,0.017204916593133283,0.002150154113769531,0.0005220604453313826,mae,200,log2,random,"{'criterion': 'mae', 'max_depth': 200, 'max_features': 'log2', 'splitter': 'random'}",-11.743683290723181,-8.175802819727052,-7.129763099364065,-6.31793244438211,-7.169315949212722,-8.107299520681826,1.9112930070553977,26
0.26538834571838377,0.02441047583791843,0.0017587661743164063,0.0006387536293402026,mae,200,2,best,"{'criterion': 'mae', 'max_depth': 200, 'max_features': 2, 'splitter': 'best'}",-11.502653646917569,-8.779194341281979,-8.216651756152775,-6.44170747957681,-8.942899785688283,-8.776621401923483,1.6263023058844113,122
0.18501968383789064,0.024703144819501484,0.002173042297363281,0.0009680143195005135,mae,200,2,random,"{'criterion': 'mae', 'max_depth': 200, 'max_features': 2, 'splitter': 'random'}",-13.400065335022344,-6.73239482655751,-7.278204716547883,-6.972166022393091,-9.506495952055772,-8.77786537051532,2.513528078033379,123
